{
    "epoch_losses": [
        0.2493810663683896,
        0.18082175817411233,
        0.16027101779453704,
        0.14989947318982208
    ],
    "val_accuracies": [
        0.9324166666666667,
        0.9386666666666666,
        0.9405,
        0.9408333333333333
    ],
    "learning_rates": [
        0.000256066017177983,
        0.00015000000000000056,
        4.393398282201798e-05,
        0.0
    ],
    "final_loss": 0.14989947318982208
}